City_ID,City,Country,Lat,Lng,Max Temp,Humidity,Cloudiness,Wind Speed,Current Description
0,Busselton,AU,-33.65,115.3333,60.04,69,98,6.64,overcast clouds
1,Vanavara,RU,60.34,102.2797,27.45,92,37,6.55,scattered clouds
2,Vredendal,ZA,-31.6683,18.5012,57.2,66,14,13.15,few clouds
3,Severo-Kurilsk,RU,50.6789,156.125,39.27,62,11,13.73,few clouds
4,Puerto Ayora,EC,-0.7393,-90.3518,78.76,85,99,5.99,overcast clouds
5,Bluff,NZ,-46.6,168.3333,51.13,73,100,14.54,overcast clouds
6,Chapais,CA,49.7834,-74.8492,55.18,96,100,10.8,overcast clouds
7,Codrington,AU,-38.2667,141.9667,50.58,85,100,5.77,overcast clouds
8,Hithadhoo,MV,-0.6,73.0833,83.55,70,97,19.71,overcast clouds
9,Chuy,UY,-33.6971,-53.4616,60.37,48,6,11.63,clear sky
10,Atuona,PF,-9.8,-139.0333,77.74,77,30,22.44,light rain
11,Kodiak,US,57.79,-152.4072,35.11,55,1,3.44,clear sky
12,Taoudenni,ML,22.6783,-3.9836,100.44,10,5,2.37,clear sky
13,Poum,NC,-20.2333,164.0167,75.2,79,97,9.55,overcast clouds
14,Mataura,NZ,-46.1927,168.8643,47.05,80,99,6.76,overcast clouds
15,Port Lincoln,AU,-34.7333,135.8667,52.32,78,16,8.05,few clouds
16,Butaritari,KI,3.0707,172.7902,81.59,69,61,16.33,broken clouds
17,Lompoc,US,34.6391,-120.4579,82.13,13,1,9.22,clear sky
18,Hasaki,JP,35.7333,140.8333,72.0,86,44,24.07,scattered clouds
19,Cabo San Lucas,MX,22.8909,-109.9124,84.51,65,20,6.91,few clouds
20,Tuktoyaktuk,CA,69.4541,-133.0374,26.44,80,100,3.56,overcast clouds
21,Oktyabrskiy,RU,54.4815,53.471,41.22,57,22,5.75,few clouds
22,Atikokan,CA,48.7555,-91.6216,48.56,63,19,11.45,few clouds
23,Naze,JP,28.3667,129.4833,71.89,83,33,27.02,scattered clouds
24,Hobart,AU,-42.8794,147.3294,49.26,79,40,4.61,scattered clouds
25,East London,ZA,-33.0153,27.9116,61.7,61,6,28.03,clear sky
26,Bubaque,GW,11.2833,-15.8333,83.12,71,1,5.88,clear sky
27,Kargasok,RU,59.0556,80.8572,38.7,91,44,7.11,scattered clouds
28,Faanui,PF,-16.4833,-151.75,80.06,73,37,23.8,scattered clouds
29,Tasiilaq,GL,65.6145,-37.6368,32.16,70,100,7.23,overcast clouds
30,Richards Bay,ZA,-28.783,32.0377,67.86,79,99,15.12,light rain
31,Riyadh,SA,24.6877,46.7219,87.85,14,0,8.79,clear sky
32,Bredasdorp,ZA,-34.5322,20.0403,54.28,52,91,13.85,overcast clouds
33,Aklavik,CA,68.2191,-135.0107,21.92,91,100,1.74,overcast clouds
34,Khatanga,RU,71.9667,102.5,7.27,95,100,7.78,overcast clouds
35,Albany,US,42.6001,-73.9662,75.94,72,100,5.01,overcast clouds
36,Sharjah,AE,25.3573,55.4033,89.58,58,0,0.0,clear sky
37,Inongo,CD,-1.95,18.2667,78.3,71,78,3.6,broken clouds
38,Kamenka,RU,51.3223,42.7678,48.76,53,86,6.04,overcast clouds
39,Sosnovo-Ozerskoye,RU,52.5249,111.5418,26.37,73,100,12.08,overcast clouds
40,Bialystok,PL,53.1333,23.15,44.2,78,70,10.2,broken clouds
41,Oranjemund,NA,-28.55,16.4333,57.15,67,20,22.12,few clouds
42,Uvarovo,RU,51.9849,42.2615,48.4,54,92,6.53,light rain
43,Souillac,MU,-20.5167,57.5167,75.36,73,40,18.41,scattered clouds
44,Avarua,CK,-21.2078,-159.775,75.25,88,75,4.61,broken clouds
45,Nanortalik,GL,60.1432,-45.2371,42.84,58,12,5.7,few clouds
46,Dikson,RU,73.5069,80.5464,30.79,92,100,15.59,overcast clouds
47,Vaini,TO,-21.2,-175.2,71.76,94,75,8.05,broken clouds
48,Milevsko,CZ,49.4509,14.36,46.11,99,9,2.53,clear sky
49,Husavik,IS,66.0449,-17.3389,31.15,76,92,4.97,overcast clouds
50,Simnas,LT,54.4,23.65,46.17,78,47,11.32,scattered clouds
51,Puerto Escondido,MX,15.85,-97.0667,90.43,62,1,4.61,clear sky
52,Georgetown,MY,5.4112,100.3354,82.89,78,100,6.91,overcast clouds
53,Tayturka,RU,52.8692,103.4608,31.51,41,99,2.8,overcast clouds
54,Sao Filipe,CV,14.8961,-24.4956,79.5,77,99,10.38,overcast clouds
55,Te Anau,NZ,-45.4167,167.7167,44.33,93,100,2.08,overcast clouds
56,Dongsheng,CN,39.8161,109.9776,32.45,29,0,4.29,clear sky
57,Punta Arenas,CL,-53.15,-70.9167,42.91,65,75,37.98,light rain
58,Lebu,CL,-37.6167,-73.65,55.31,69,66,12.21,moderate rain
59,Jamestown,US,42.097,-79.2353,57.09,95,90,8.99,overcast clouds
60,Ushuaia,AR,-54.8,-68.3,31.66,93,75,36.82,snow
61,Vanimo,PG,-2.6741,141.3028,78.01,90,98,3.74,overcast clouds
62,Emba,KZ,48.8264,58.1442,52.3,36,95,6.29,overcast clouds
63,Thompson,CA,55.7435,-97.8558,40.62,74,8,7.7,clear sky
64,Williston,US,48.147,-103.618,57.61,55,0,4.0,clear sky
65,Comodoro Rivadavia,AR,-45.8667,-67.5,66.06,22,20,14.97,few clouds
66,Saint-Pierre,RE,-21.3393,55.4781,73.08,67,0,4.61,clear sky
67,Presov,SK,49.1667,21.25,45.93,83,11,5.21,few clouds
68,Hilo,US,19.7297,-155.09,71.33,90,90,6.91,light rain
69,Tyukhtet,RU,56.5389,89.3011,32.88,66,5,4.23,clear sky
70,Kailua,US,21.4022,-157.7394,75.18,73,75,12.66,broken clouds
71,Norman Wells,CA,65.282,-126.8329,25.27,93,100,7.78,overcast clouds
72,Port Elizabeth,ZA,-33.918,25.5701,56.1,67,27,25.9,scattered clouds
73,Xuddur,SO,4.1213,43.8894,78.22,64,51,7.81,broken clouds
74,Barrow,US,71.2906,-156.7887,21.22,73,90,10.36,light snow
75,Saskylakh,RU,71.9167,114.0833,11.66,95,99,9.13,overcast clouds
76,Egvekinot,RU,66.3167,-179.1667,13.66,88,58,10.94,broken clouds
77,Saint George,US,37.1041,-113.5841,72.07,38,1,1.99,clear sky
78,Victoria,HK,22.2855,114.1577,76.32,69,19,3.0,few clouds
79,Foam Lake,CA,51.65,-103.5343,49.28,39,6,13.06,clear sky
80,Alofi,NU,-19.0595,-169.9187,77.5,71,3,11.65,clear sky
81,Bambous Virieux,MU,-20.3428,57.7575,75.22,73,40,18.41,scattered clouds
82,Mwinilunga,ZM,-11.7358,24.4293,74.43,45,99,4.61,overcast clouds
83,Fort-Shevchenko,KZ,44.5086,50.263,62.42,41,7,10.27,clear sky
84,Mahebourg,MU,-20.4081,57.7,75.25,73,40,18.41,scattered clouds
85,Dingle,PH,10.9995,122.6711,75.81,93,92,3.91,overcast clouds
86,Nelson Bay,AU,-32.7167,152.15,57.0,85,0,12.33,clear sky
87,Narsaq,GL,60.9167,-46.05,48.42,50,0,0.54,clear sky
88,Tamasane,BW,-22.4184,27.4013,87.78,10,4,7.63,clear sky
89,Fortuna,US,40.5982,-124.1573,55.98,80,1,0.0,clear sky
90,Christchurch,NZ,-43.5333,172.6333,55.6,57,100,3.0,overcast clouds
91,Shangzhi,CN,45.2167,127.9667,25.72,41,6,10.67,clear sky
92,Mar Del Plata,AR,-38.0023,-57.5575,68.02,34,20,18.41,few clouds
93,Mandera,KE,3.9366,41.867,90.68,36,68,8.52,broken clouds
94,Upernavik,GL,72.7868,-56.1549,21.27,51,40,7.05,scattered clouds
95,Kruisfontein,ZA,-34.0033,24.7314,53.89,67,47,23.29,light rain
96,Jinxiang,CN,27.4327,120.6062,63.5,72,100,19.51,overcast clouds
97,Rikitea,PF,-23.1203,-134.9692,74.77,78,12,9.13,few clouds
98,Korhogo,CI,9.45,-5.6333,82.89,60,52,2.64,light rain
99,Acapulco,MX,16.8634,-99.8901,85.82,79,90,2.3,overcast clouds
100,Kudahuvadhoo,MV,2.6708,72.8944,82.74,77,99,24.32,overcast clouds
101,Pacasmayo,PE,-7.4006,-79.5714,70.12,72,64,14.41,broken clouds
102,Beringovskiy,RU,63.05,179.3167,32.95,72,100,30.53,overcast clouds
103,Sampit,ID,-2.5333,112.95,77.43,92,100,2.3,overcast clouds
104,Shitanjing,CN,39.2342,106.3439,40.77,38,0,9.08,clear sky
105,Guerrero Negro,MX,27.9769,-114.0611,78.31,29,0,0.2,clear sky
106,Leningradskiy,RU,69.3833,178.4167,10.11,97,90,4.63,overcast clouds
107,Salalah,OM,17.0151,54.0924,78.89,89,0,3.44,clear sky
108,Oriximina,BR,-1.7656,-55.8661,99.43,31,75,9.37,broken clouds
109,Mao,ES,39.8885,4.2658,66.76,77,20,5.75,few clouds
110,Saldanha,ZA,-33.0117,17.9442,57.45,69,17,14.16,few clouds
111,Biryusinsk,RU,55.9634,97.8235,29.97,70,63,3.49,broken clouds
112,Ribeira Grande,PT,38.5167,-28.7,72.0,94,75,21.85,broken clouds
113,Cape Town,ZA,-33.9258,18.4232,60.28,50,47,3.0,scattered clouds
114,Asau,RO,46.4333,26.4,51.76,68,100,2.77,overcast clouds
115,Kapaa,US,22.0752,-159.319,73.72,78,75,16.11,light rain
116,Bahia Blanca,AR,-38.7196,-62.2724,75.11,17,0,16.71,clear sky
117,Bengkulu,ID,-3.8004,102.2655,77.59,86,100,3.13,overcast clouds
118,Lerwick,GB,60.1545,-1.1494,46.4,76,100,7.02,overcast clouds
119,Binabalian,PH,16.4202,119.9279,82.22,78,61,10.16,moderate rain
120,Waipawa,NZ,-41.4122,175.5153,53.02,64,89,7.83,overcast clouds
121,Pisco,PE,-13.7,-76.2167,71.65,60,0,14.97,clear sky
122,Coahuayana,MX,18.7333,-103.6833,81.88,61,35,2.55,scattered clouds
123,Kansanshi,ZM,-12.0951,26.4273,75.87,37,53,4.72,broken clouds
124,San Vicente,AR,-26.6167,-54.1333,67.95,66,97,4.72,overcast clouds
125,Lagoa,PT,39.05,-27.9833,69.6,90,100,28.25,overcast clouds
126,Tura,IN,25.5198,90.2201,76.82,90,100,2.1,overcast clouds
127,Port Alfred,ZA,-33.5906,26.891,59.4,67,8,33.89,clear sky
128,Nishihara,JP,26.1842,127.7558,78.08,73,20,11.5,few clouds
129,Nikolskoye,RU,59.7035,30.7861,45.88,70,56,13.6,broken clouds
130,Taksimo,RU,56.3444,114.8794,20.91,71,100,2.19,overcast clouds
131,Karoi,ZW,-16.8099,29.6925,81.88,23,62,3.6,broken clouds
132,Brigantine,US,39.4101,-74.3646,82.33,78,1,13.8,clear sky
133,Doha,QA,25.2867,51.5333,87.78,60,0,1.14,clear sky
134,Zyryanka,RU,65.75,150.85,12.15,93,97,8.88,overcast clouds
135,Katsuura,JP,35.1333,140.3,75.18,87,24,23.38,few clouds
136,Rauma,FI,61.1272,21.5113,46.44,67,70,20.13,broken clouds
137,Coquimbo,CL,-29.9533,-71.3436,62.33,59,0,13.8,clear sky
138,Kloulklubed,PW,7.0419,134.2556,77.5,73,100,4.79,overcast clouds
139,Golakganj,IN,26.1,89.8333,80.38,83,97,6.42,overcast clouds
140,Starkville,US,33.4504,-88.8184,66.78,47,0,13.56,clear sky
141,Le Port,RE,-20.9373,55.2919,73.4,93,21,7.36,few clouds
142,Castro,BR,-24.7911,-50.0119,75.78,59,75,2.17,broken clouds
143,Tahoua,NE,14.8888,5.2692,96.37,11,17,10.87,few clouds
144,Mareeba,AU,-17.0,145.4333,70.45,90,5,1.23,clear sky
145,Blackwater,AU,-23.5833,148.8833,64.29,33,0,7.92,clear sky
146,Xiuyan,CN,40.2928,123.2744,30.52,39,0,4.7,clear sky
147,Torbay,CA,47.6666,-52.7314,48.27,96,100,1.01,light rain
148,Ruteng,ID,-8.6136,120.4721,63.81,90,79,1.32,broken clouds
149,Lorengau,PG,-2.0226,147.2712,81.77,81,44,10.4,scattered clouds
150,Yar-Sale,RU,66.8333,70.8333,39.74,89,100,14.76,overcast clouds
151,Kirensk,RU,57.7853,108.1119,31.73,97,100,4.43,snow
152,Iqaluit,CA,63.7506,-68.5145,31.69,57,0,3.0,clear sky
153,Semey,KZ,50.4111,80.2275,42.21,57,13,6.8,few clouds
154,Carnarvon,AU,-24.8667,113.6333,66.27,77,40,13.8,scattered clouds
155,Batemans Bay,AU,-35.7167,150.1833,51.1,80,1,3.49,clear sky
156,Kieta,PG,-6.2167,155.6333,80.2,84,85,3.65,light rain
157,Belokurikha,RU,51.9959,84.9896,41.52,63,89,3.65,overcast clouds
158,New Norfolk,AU,-42.7826,147.0587,48.92,71,97,1.01,overcast clouds
159,Akhmim,EG,26.5622,31.745,89.94,14,0,15.37,clear sky
160,Autazes,BR,-3.5797,-59.1306,103.66,24,98,4.72,overcast clouds
161,Grindavik,IS,63.8424,-22.4338,37.87,93,90,10.36,overcast clouds
162,Katobu,ID,-4.9408,122.5276,76.68,90,61,3.65,broken clouds
163,Ancud,CL,-41.8697,-73.8203,56.43,75,100,11.63,overcast clouds
164,Zhelyabovka,UA,45.3988,34.7578,55.98,80,97,3.98,overcast clouds
165,Ilulissat,GL,69.2167,-51.1,28.42,31,1,8.05,clear sky
166,Saint-Philippe,RE,-21.3585,55.7679,72.99,78,44,17.85,scattered clouds
167,San Joaquin,US,37.9333,-121.3011,71.47,51,1,0.0,clear sky
168,Loreto,MX,22.2667,-101.9667,68.68,53,88,18.79,overcast clouds
169,Cherskiy,RU,68.75,161.3,-12.48,100,58,2.98,broken clouds
170,Ahuimanu,US,21.4447,-157.8378,74.91,73,75,12.66,broken clouds
171,Kardla,EE,58.9978,22.7492,48.06,67,7,18.19,clear sky
172,Rundu,NA,-17.9333,19.7667,86.11,11,7,5.32,clear sky
173,Abu Kamal,SY,34.4506,40.9171,79.38,19,55,10.22,broken clouds
174,Flinders,AU,-34.5833,150.8552,55.8,75,1,6.58,clear sky
175,Qaanaaq,GL,77.484,-69.3632,19.98,86,100,9.69,overcast clouds
176,Petropavlovsk-Kamchatskiy,RU,53.0452,158.6483,32.88,69,4,19.48,clear sky
177,Ucluelet,CA,48.9329,-125.5528,55.09,94,100,5.73,light rain
178,Gornopravdinsk,RU,60.05,69.9,46.74,80,100,9.24,overcast clouds
179,Alyangula,AU,-13.8483,136.4192,79.11,73,84,6.17,broken clouds
180,Tuy Hoa,VN,13.0833,109.3,75.63,94,100,4.43,overcast clouds
181,Quibdo,CO,5.6947,-76.6611,86.22,66,100,2.39,overcast clouds
182,Gallup,US,35.5281,-108.7426,54.36,33,1,1.99,clear sky
183,Santa Maria,BR,-29.6842,-53.8069,63.81,74,96,5.61,overcast clouds
184,Alikalia,SL,9.1667,-11.4,81.45,74,58,3.0,light rain
185,Rio Grande,BR,-32.035,-52.0986,62.94,55,18,15.35,few clouds
186,Madras,IN,13.0878,80.2785,84.18,84,75,2.3,mist
187,Porto Novo,BJ,6.4965,2.6036,82.67,74,41,8.55,scattered clouds
188,Gorom-Gorom,BF,14.4439,-0.2361,100.36,12,22,7.65,few clouds
189,Chipinge,ZW,-20.1883,32.6236,76.55,44,11,9.64,few clouds
190,Beloha,MG,-25.1667,45.05,75.25,64,3,6.06,clear sky
191,Talnakh,RU,69.4865,88.3972,26.51,96,95,15.28,snow
192,Tomatlan,MX,19.9333,-105.25,87.01,66,17,4.0,few clouds
193,Hermanus,ZA,-34.4187,19.2345,56.89,60,100,15.9,overcast clouds
194,Nuuk,GL,64.1835,-51.7216,38.01,60,1,13.8,clear sky
195,Progreso,MX,21.2833,-89.6667,91.51,62,24,8.3,few clouds
196,Gat,IL,31.61,34.7642,75.88,100,81,5.12,broken clouds
197,Sitka,US,57.0531,-135.33,39.09,87,40,3.44,scattered clouds
198,Arman,RU,59.7,150.1667,16.32,56,3,8.46,clear sky
199,Valparaiso,CL,-33.0393,-71.6273,71.83,43,0,12.66,clear sky
200,Alice Town,BS,25.7167,-79.3,80.87,70,2,11.5,clear sky
201,Yellowknife,CA,62.456,-114.3525,37.42,100,90,5.75,mist
202,Tsogni,GA,-2.7942,10.0988,77.59,81,68,7.58,broken clouds
203,Avera,US,33.194,-82.5271,85.51,61,8,17.02,clear sky
204,Pevek,RU,69.7008,170.3133,6.53,90,71,3.62,broken clouds
205,Havre-Saint-Pierre,CA,50.2334,-63.5986,49.12,72,56,11.86,broken clouds
206,Jiangyou,CN,31.7667,104.7167,55.76,83,100,3.24,light rain
207,Shimoda,JP,34.6667,138.95,70.11,85,23,16.28,few clouds
208,Tete,MZ,-16.1564,33.5867,100.49,22,20,8.05,few clouds
209,Calama,CL,-22.4667,-68.9333,70.29,14,0,21.85,clear sky
210,Hobyo,SO,5.3505,48.5268,79.02,82,62,20.65,broken clouds
211,Strelka,RU,58.0728,93.0344,33.24,95,31,1.05,scattered clouds
212,Antofagasta,CL,-23.65,-70.4,66.22,55,22,10.71,few clouds
213,Saint Anthony,US,45.0205,-93.218,58.24,53,1,3.0,clear sky
214,Seoul,KR,37.5683,126.9778,40.44,33,3,13.24,clear sky
215,Provideniya,RU,64.3833,-173.3,23.07,91,81,15.12,broken clouds
216,San Patricio,US,28.017,-97.5169,73.49,42,99,16.35,overcast clouds
217,Simao,CN,22.7886,100.9748,57.33,94,99,3.29,overcast clouds
218,Kavieng,PG,-2.5744,150.7967,83.91,69,86,15.19,overcast clouds
219,Bethel,US,41.3712,-73.414,75.02,75,1,12.66,clear sky
220,Kaitangata,NZ,-46.2817,169.8464,49.19,89,100,9.66,overcast clouds
221,Cuenca,EC,-2.8833,-78.9833,65.59,63,99,6.53,light rain
222,Kerman,IR,30.2832,57.0788,64.26,22,0,11.5,clear sky
223,Saint-Francois,FR,46.4154,3.9054,60.24,70,0,2.3,clear sky
224,Mattru,SL,7.6244,-11.8332,84.9,68,65,5.37,light rain
225,Arraial Do Cabo,BR,-22.9661,-42.0278,76.86,83,75,4.61,broken clouds
226,Snasa,NO,64.2457,12.3778,38.39,82,85,6.73,overcast clouds
227,Kahului,US,20.8947,-156.47,75.85,83,20,11.5,few clouds
228,Dodge City,US,37.7528,-100.0171,66.25,34,1,5.99,clear sky
229,Greytown,ZA,-29.0642,30.5928,52.9,95,100,5.95,moderate rain
230,Soe,ID,-9.8607,124.284,67.71,87,36,3.18,scattered clouds
231,Tautira,PF,-17.7333,-149.15,78.82,71,54,21.45,broken clouds
232,Kindu,CD,-2.95,25.95,71.62,90,60,0.45,broken clouds
233,Iquitos,PE,-3.7481,-73.2472,82.44,74,75,8.05,heavy intensity rain
234,Linjiang,CN,41.8069,126.9078,26.82,43,40,4.52,scattered clouds
235,Ostrovnoy,RU,68.0531,39.5131,40.32,96,100,14.72,overcast clouds
236,Tiksi,RU,71.6872,128.8694,5.58,95,90,5.82,overcast clouds
237,Garmisch-Partenkirchen,DE,47.4921,11.0958,50.34,86,44,0.65,scattered clouds
238,Pingzhuang,CN,42.0372,119.2889,30.07,27,0,4.88,clear sky
239,Ulladulla,AU,-35.35,150.4667,53.87,81,2,4.12,clear sky
240,Hervey Bay,AU,-25.2986,152.8535,64.02,81,0,8.41,clear sky
241,Lima,PE,-12.0432,-77.0282,67.14,72,40,14.97,scattered clouds
242,Fort Nelson,CA,58.8053,-122.7002,36.23,64,27,1.74,scattered clouds
243,Daudnagar,IN,25.0333,84.4,82.08,75,93,4.76,overcast clouds
244,Itarema,BR,-2.9248,-39.9167,88.3,55,100,20.58,overcast clouds
245,Chokurdakh,RU,70.6333,147.9167,-5.01,100,90,4.94,overcast clouds
246,San Lazaro,BZ,18.0387,-88.6622,87.58,57,18,1.21,few clouds
247,Bealanana,MG,-14.55,48.7333,58.77,85,2,3.74,clear sky
248,Limbe,CM,4.0242,9.2149,78.98,83,79,8.75,light rain
249,Geraldton,AU,-28.7667,114.6,54.01,87,41,8.05,scattered clouds
250,Hamilton,US,39.1834,-84.5333,61.59,61,40,1.01,scattered clouds
251,Synya,RU,65.3718,58.0387,37.76,97,100,9.82,overcast clouds
252,Sandi,IN,27.3,79.95,82.47,60,90,5.91,overcast clouds
253,Broken Hill,AU,-31.95,141.4333,53.38,54,37,3.04,scattered clouds
254,Mabaruma,GY,8.2,-59.7833,88.02,68,65,6.98,broken clouds
255,Sao Joao Da Barra,BR,-21.6403,-41.0511,86.09,85,100,13.67,overcast clouds
256,Mwense,ZM,-10.3845,28.698,76.53,58,99,7.96,overcast clouds
257,Winona,US,43.9666,-91.7668,57.61,53,1,9.22,clear sky
258,Yulara,AU,-25.2406,130.9889,75.04,16,90,6.91,overcast clouds
259,Dunedin,NZ,-45.8742,170.5036,52.81,83,100,11.01,overcast clouds
260,Aguie,NE,13.506,7.7786,84.54,49,94,16.08,overcast clouds
261,Nekhayevskiy,RU,50.4106,41.7561,52.2,54,93,4.16,overcast clouds
262,Sosua,DO,19.7667,-70.5167,91.38,79,40,11.5,scattered clouds
263,Cidreira,BR,-30.1811,-50.2056,63.18,83,100,14.7,overcast clouds
264,Longyearbyen,SJ,78.2186,15.6401,24.64,58,75,13.8,light snow
265,Okhotsk,RU,59.3833,143.3,16.66,72,10,8.19,clear sky
266,Sorland,NO,67.667,12.6934,41.56,60,87,14.83,overcast clouds
267,Dogondoutchi,NE,13.6393,4.0287,98.71,11,13,6.73,few clouds
268,Rudbar,AF,30.15,62.6,67.08,12,0,8.81,clear sky
269,Kedrovyy,RU,56.1667,91.8167,23.41,71,10,1.97,clear sky
270,Victor Harbor,AU,-35.5667,138.6167,53.01,73,80,3.13,broken clouds
271,Saint-Joseph,RE,-21.3667,55.6167,71.98,75,37,15.01,scattered clouds
272,Shawinigan,CA,46.5668,-72.7491,66.58,97,100,8.95,light rain
273,Zhezkazgan,KZ,47.8043,67.7144,46.17,41,12,7.81,few clouds
274,Hofn,IS,64.2539,-15.2082,36.99,72,100,10.67,overcast clouds
275,Broome,US,42.2506,-75.833,67.17,81,90,5.01,heavy intensity rain
276,Lavrentiya,RU,65.5833,-171.0,25.05,83,78,13.62,broken clouds
277,Birin,NP,26.8865,88.0718,63.73,74,100,5.59,overcast clouds
278,Mount Isa,AU,-20.7333,139.5,65.97,27,0,8.05,clear sky
279,Kaarina,FI,60.4072,22.369,47.77,74,0,11.5,clear sky
280,Popondetta,PG,-8.7537,148.2534,74.05,95,98,2.37,overcast clouds
281,Sovetskiy,RU,61.3614,63.5842,42.96,78,87,9.82,overcast clouds
282,Sozopol,BG,42.4167,27.7,55.74,82,100,9.06,light rain
283,Santa Cruz,BO,-17.8,-63.1667,75.25,46,75,13.8,broken clouds
284,Nhulunbuy,AU,-12.2333,136.7667,79.41,83,40,0.0,scattered clouds
285,Tianpeng,CN,30.9866,103.9393,59.63,84,100,2.19,overcast clouds
286,Kysyl-Syr,RU,63.8986,122.7617,11.53,94,67,3.27,broken clouds
287,Morondava,MG,-20.2833,44.2833,77.81,82,6,9.75,clear sky
288,Gijon,ES,43.5357,-5.6615,66.45,80,100,0.34,overcast clouds
289,Rediu,RO,47.2167,27.5,50.38,88,90,4.0,light rain
290,Puerto Leguizamo,CO,-0.1934,-74.7819,76.12,94,98,4.34,overcast clouds
291,Esil,KZ,51.9556,66.4042,48.56,52,100,5.93,overcast clouds
292,Peterborough,GB,52.5736,-0.2478,58.32,79,97,6.69,overcast clouds
293,Clyde River,CA,70.4692,-68.5914,28.29,74,96,10.67,overcast clouds
294,Tucupita,VE,9.0622,-62.051,94.57,43,31,5.57,scattered clouds
295,Akhalgori,GE,42.126,44.4833,56.71,84,6,5.03,clear sky
296,Nome,US,64.5011,-165.4064,27.16,74,75,11.5,broken clouds
297,Arshan,RU,46.2732,44.22,61.18,38,95,11.18,overcast clouds
298,Quatre Bornes,MU,-20.2644,57.4719,71.74,75,7,13.85,clear sky
299,Ouesso,CG,1.6136,16.0517,74.57,89,98,1.57,light rain
300,Quartz Hill,US,34.6453,-118.2181,77.16,16,1,1.01,clear sky
301,Manicore,BR,-5.8092,-61.3003,100.47,31,84,3.94,broken clouds
302,San Andres,CO,12.5847,-81.7006,86.02,79,75,5.75,broken clouds
303,Natal,BR,-5.795,-35.2094,85.93,54,97,15.39,overcast clouds
304,Huarmey,PE,-10.0681,-78.1522,69.53,74,65,11.65,broken clouds
305,Chernyshevskiy,RU,63.0128,112.4714,16.72,97,90,5.12,overcast clouds
306,Belaya Kholunitsa,RU,58.84,50.8528,42.91,79,100,11.65,overcast clouds
307,Gazanjyk,TM,39.2446,55.5154,62.69,15,0,12.82,clear sky
308,Vallenar,CL,-28.5708,-70.7581,76.68,24,0,10.47,clear sky
309,Vila,PT,42.0304,-8.1588,56.7,76,100,4.23,overcast clouds
310,Haines Junction,CA,60.7522,-137.5108,22.53,71,32,1.79,scattered clouds
311,Nakatunguru,TZ,-2.1167,33.0667,76.64,69,85,10.63,overcast clouds
312,Darovskoy,RU,58.77,47.9564,43.66,81,100,12.41,light rain
313,Bud,US,39.447,-86.1758,59.13,55,0,15.14,clear sky
314,Kolobrzeg,PL,54.1757,15.5834,47.97,100,97,18.99,light rain
315,Sao Gabriel Da Cachoeira,BR,-0.1303,-67.0892,97.68,37,95,5.5,overcast clouds
316,Kununurra,AU,-15.7667,128.7333,76.98,83,61,8.05,broken clouds
317,Woodway,US,31.506,-97.205,71.19,35,1,5.01,clear sky
318,Padang,ID,-0.9492,100.3543,78.85,82,100,2.73,overcast clouds
319,Quang Ngai,VN,15.1167,108.8,77.9,96,100,15.99,moderate rain
320,Omsukchan,RU,62.5333,155.8,1.89,94,100,5.44,overcast clouds
321,Nemuro,JP,43.3236,145.575,53.65,94,100,22.91,light rain
322,Carolina,PR,18.3808,-65.9574,88.86,72,40,9.22,scattered clouds
323,Belaya Gora,RU,68.5333,146.4167,6.76,96,84,5.03,broken clouds
324,Ambilobe,MG,-13.2,49.05,76.17,57,0,9.78,clear sky
325,Pinawa,CA,50.1489,-95.8811,49.82,58,0,8.19,clear sky
326,Zuya,UA,45.0531,34.3154,56.75,73,100,5.53,overcast clouds
327,Ferrol,ES,43.4832,-8.2369,63.59,84,100,7.43,light rain
328,Novaya Igirma,RU,57.1334,103.9112,34.09,98,100,6.98,light rain
329,The Valley,AI,18.217,-63.0578,89.46,72,38,3.56,scattered clouds
330,Vostok,RU,46.4856,135.8833,19.22,86,99,11.63,light snow
331,Turbat,PK,26.0023,63.044,83.59,8,0,10.69,clear sky
332,Poronaysk,RU,49.2167,143.1167,36.03,75,97,20.56,overcast clouds
333,Cunha,BR,-23.0744,-44.9597,72.27,82,78,5.97,broken clouds
334,Savannah Bight,HN,16.45,-85.85,87.85,70,8,6.06,clear sky
335,Puerto Baquerizo Moreno,EC,-0.9,-89.6,72.59,78,75,16.11,broken clouds
336,Karema,TZ,-6.8205,30.4389,78.8,70,28,7.99,scattered clouds
337,Gomez Plata,CO,6.6818,-75.2191,73.18,69,100,0.36,overcast clouds
338,Benguela,AO,-12.5763,13.4055,73.29,75,16,7.81,few clouds
339,Virginia Beach,US,36.8529,-75.978,84.25,62,20,16.11,few clouds
340,Hambantota,LK,6.1241,81.1185,80.53,80,97,19.35,overcast clouds
341,Marsa Matruh,EG,31.3525,27.2453,72.72,58,0,11.12,clear sky
342,Pangnirtung,CA,66.1451,-65.7125,35.13,55,2,2.91,clear sky
343,Srednekolymsk,RU,67.45,153.6833,4.82,99,94,6.49,overcast clouds
344,Tombouctou,ML,20.0,-3.0,97.27,7,35,6.15,scattered clouds
345,Teknaf,BD,20.8624,92.3058,79.86,89,100,9.55,overcast clouds
346,Baglung,NP,28.2719,83.5898,67.14,53,4,6.33,clear sky
347,Isangel,VU,-19.55,169.2667,76.01,89,100,1.79,light rain
348,Daru,PG,-9.0763,143.2092,78.57,85,44,9.8,scattered clouds
349,Carmarthen,GB,51.8555,-4.3054,58.68,89,84,6.44,broken clouds
350,Itoman,JP,26.1247,127.6694,78.82,73,20,11.5,few clouds
351,Lata,PT,40.1629,-8.3327,70.03,59,100,3.2,overcast clouds
352,Piranshahr,IR,36.701,45.1413,63.45,46,63,5.5,broken clouds
353,Mana,GF,5.6592,-53.7767,87.17,65,45,10.69,scattered clouds
354,Dolores,AR,-36.3132,-57.6792,64.69,41,1,8.52,clear sky
355,Ponta Do Sol,PT,32.6667,-17.1,80.71,61,44,4.97,scattered clouds
356,Half Moon Bay,US,37.4636,-122.4286,76.44,43,1,3.44,haze
357,San Cristobal,VE,7.7669,-72.225,75.38,41,53,5.46,broken clouds
358,Shunyi,CN,40.125,116.6453,31.95,86,0,2.24,light snow
359,Xilagani,GR,40.9833,25.4167,61.99,82,80,7.09,broken clouds
360,Avallon,FR,47.4833,3.9,56.46,73,9,4.63,clear sky
361,Adzope,CI,6.1069,-3.8619,82.8,70,52,5.53,broken clouds
362,West Wendover,US,40.7391,-114.0733,45.61,46,1,3.44,clear sky
363,Leo,BF,11.1,-2.1,92.43,27,29,5.88,scattered clouds
364,Trairi,BR,-3.2778,-39.2689,87.66,55,78,17.69,broken clouds
365,Luderitz,NA,-26.6481,15.1594,61.48,49,1,37.4,clear sky
366,Evensk,RU,61.95,159.2333,14.34,67,100,10.49,overcast clouds
367,Awjilah,LY,29.1081,21.2869,74.98,29,1,10.27,clear sky
368,Laguna,US,38.421,-121.4238,77.5,41,1,1.01,clear sky
369,Bloemfontein,ZA,-29.1211,26.214,58.41,15,91,11.32,overcast clouds
370,Zyryanovsk,KZ,49.7386,84.2719,38.73,63,1,3.13,clear sky
371,Severnoye,RU,56.3491,78.3619,39.31,88,0,4.12,clear sky
372,Bathsheba,BB,13.2167,-59.5167,88.41,70,40,8.05,scattered clouds
373,Republic,US,37.12,-93.4802,62.62,44,1,4.0,clear sky
374,Constitucion,CL,-35.3333,-72.4167,59.77,54,2,16.6,clear sky
375,Huilong,CN,31.8111,121.655,62.04,60,100,21.74,overcast clouds
376,Namibe,AO,-15.1961,12.1522,66.42,82,4,7.11,clear sky
377,Lagos,NG,6.5833,3.75,80.38,83,30,6.42,light rain
378,Bogale,MM,16.2833,95.4,74.3,97,100,2.26,overcast clouds
379,Batagay,RU,67.6333,134.6333,6.01,98,95,1.3,overcast clouds
380,Yabelo,ET,4.8833,38.0833,65.53,65,97,3.51,light rain
381,Stornoway,GB,58.2093,-6.3865,48.92,76,83,9.22,broken clouds
382,Port Blair,IN,11.6667,92.75,80.31,88,100,13.49,overcast clouds
383,Polyarnyy,RU,69.1989,33.4478,37.87,97,100,12.59,overcast clouds
384,Esperance,AU,-33.8667,121.9,58.33,80,55,10.31,broken clouds
385,Yeppoon,AU,-23.1333,150.7333,60.58,50,0,4.29,clear sky
386,Airai,TL,-8.9266,125.4092,63.03,90,37,0.83,scattered clouds
387,Tezu,IN,27.9167,96.1667,78.28,77,69,4.41,broken clouds
388,Chumikan,RU,54.7183,135.315,24.37,60,100,6.71,overcast clouds
389,Khani,GE,41.9563,42.9566,53.17,81,12,2.59,few clouds
390,Aligudarz,IR,33.4006,49.6949,60.73,26,37,0.69,scattered clouds
391,Santiago Del Estero,AR,-27.7951,-64.2615,73.8,22,3,6.08,clear sky
392,Bikaner,IN,28.0167,73.3,84.96,14,0,4.56,clear sky
393,La Ronge,CA,55.1001,-105.2842,45.7,65,4,11.72,clear sky
394,Luau,AO,-10.7073,22.2247,77.31,52,76,6.49,broken clouds
395,Nizwa,OM,22.9333,57.5333,83.8,11,0,8.3,clear sky
396,Rawson,AR,-43.3002,-65.1023,63.1,32,19,4.94,few clouds
397,Buala,SB,-8.145,159.5921,79.48,79,88,5.79,overcast clouds
398,Matabao,PH,8.9572,125.3994,76.39,92,70,4.92,broken clouds
399,Tommot,RU,58.9564,126.2925,10.74,95,24,2.44,few clouds
400,Kimberley,ZA,-28.7323,24.7623,59.83,14,35,10.51,scattered clouds
401,Oussouye,SN,12.485,-16.5469,88.09,56,3,10.31,clear sky
402,Lunglei,IN,22.8833,92.7333,66.31,91,98,3.0,overcast clouds
403,Ventimiglia,IT,43.7935,7.6026,66.02,60,11,1.39,few clouds
404,Goderich,CA,43.7501,-81.7165,57.9,72,100,23.96,overcast clouds
405,Ugoofaaru,MV,5.6667,73.0,81.93,78,99,24.25,light rain
406,Anadyr,RU,64.75,177.4833,20.28,92,99,18.03,overcast clouds
407,Tromso,NO,69.6496,18.957,37.42,75,75,10.36,broken clouds
408,Pemba,MZ,-12.974,40.5178,78.01,79,0,15.7,clear sky
409,Kaabong,UG,3.4836,34.1492,74.41,44,71,8.97,broken clouds
410,Tchibanga,GA,-2.85,11.0333,76.69,78,100,4.45,overcast clouds
411,Ciudad Bolivar,VE,8.1222,-63.5497,96.21,39,13,9.08,few clouds
412,Nakambala,ZM,-15.8324,27.7799,87.17,16,8,7.9,clear sky
413,Mogadishu,SO,2.0371,45.3438,79.05,79,13,13.02,few clouds
414,Viedma,AR,-40.8135,-62.9967,71.42,19,3,7.87,clear sky
415,Sept-Iles,CA,50.2001,-66.3821,50.52,82,75,10.0,broken clouds
416,Adelaide,AU,-34.9333,138.6,50.29,85,97,1.01,overcast clouds
417,Verkh-Usugli,RU,52.7,115.1667,19.8,87,96,3.02,overcast clouds
418,Lazarev,RU,52.225,141.5131,34.12,97,100,34.36,moderate rain
419,Ngunguru,NZ,-35.6167,174.5,60.17,77,100,16.13,overcast clouds
420,Cubatao,BR,-23.895,-46.4253,89.29,26,99,9.31,overcast clouds
421,Peniche,PT,39.3558,-9.3811,73.76,86,100,3.74,moderate rain
422,Jerome,US,42.7241,-114.5186,51.04,52,1,19.57,clear sky
423,Jiaozuo,CN,35.2397,113.2331,46.13,56,4,5.41,light rain
424,Kurdzhinovo,RU,43.9884,40.9552,54.46,89,16,4.16,few clouds
425,Imbituba,BR,-28.24,-48.6703,73.29,84,98,14.23,overcast clouds
426,Porto Santo,PT,33.072,-16.3415,78.3,64,20,9.22,few clouds
427,Keti Bandar,PK,24.1447,67.4497,81.97,59,0,10.36,clear sky
428,Jumla,NP,29.2747,82.1838,54.68,63,1,4.99,clear sky
429,Karwar,IN,14.8,74.1333,79.14,84,98,3.71,overcast clouds
430,Klaksvik,FO,62.2266,-6.589,43.72,64,99,7.14,overcast clouds
431,Atar,MR,20.5169,-13.0499,100.47,10,100,13.53,overcast clouds
432,Kuching,MY,1.55,110.3333,75.42,100,40,4.61,scattered clouds
433,Bosaso,SO,11.2842,49.1816,85.17,61,4,2.64,clear sky
434,San Jeronimo,PE,-11.9472,-75.2829,61.68,50,66,7.85,broken clouds
435,Nuevitas,CU,21.5453,-77.2644,85.44,74,75,5.44,broken clouds
436,Boa Vista,BR,2.8197,-60.6733,94.98,34,40,10.36,scattered clouds
437,Lakatoro,VU,-16.0999,167.4164,79.23,82,98,3.89,overcast clouds
438,Gorodets,RU,56.6514,43.475,49.68,65,100,16.44,light rain
439,Atherton,GB,53.5237,-2.4935,59.29,83,96,1.01,overcast clouds
440,Phangnga,TH,8.4509,98.5298,87.91,83,96,3.4,overcast clouds
441,Taltal,CL,-25.4,-70.4833,62.56,63,7,8.01,clear sky
442,Shelburne,CA,44.0787,-80.2041,53.56,96,99,16.28,light rain
443,Novikovo,RU,51.1537,37.8879,52.97,45,100,3.71,overcast clouds
444,Santa Isabel Do Rio Negro,BR,-0.4139,-65.0192,99.45,32,81,5.99,broken clouds
445,Mount Gambier,AU,-37.8333,140.7667,46.36,91,80,4.61,broken clouds
446,Tuatapere,NZ,-46.1333,167.6833,47.62,80,100,5.99,overcast clouds
447,San Juan,AR,-31.5375,-68.5364,73.26,13,0,7.61,clear sky
448,Cairns,AU,-16.9167,145.7667,75.07,75,75,10.36,broken clouds
449,Takoradi,GH,4.8845,-1.7554,81.39,78,21,11.74,few clouds
450,Bilma,NE,18.6853,12.9164,86.31,33,100,18.16,overcast clouds
451,Zhanakorgan,KZ,43.9098,67.2495,52.86,30,0,10.65,clear sky
452,Santa Catarina Palopo,GT,14.7167,-91.1333,79.2,66,51,1.77,broken clouds
453,Guilin,CN,25.2819,110.2864,58.01,79,100,10.58,overcast clouds
454,La Rioja,ES,42.25,-2.5,62.04,56,92,2.13,overcast clouds
455,Cap Malheureux,MU,-19.9842,57.6142,75.47,73,15,11.01,few clouds
456,Belyy Yar,RU,53.6039,91.3903,24.69,93,4,4.47,clear sky
457,Bacungan,PH,9.9106,118.7022,79.65,84,83,0.96,broken clouds
458,Ascope,PE,-7.7144,-79.1078,61.93,57,87,8.28,overcast clouds
459,Bama,NG,11.5221,13.6856,85.64,55,86,4.88,light rain
460,Zhangjiakou,CN,40.81,114.8794,32.43,26,0,2.71,clear sky
461,Ossora,RU,59.2353,163.0719,24.06,78,100,10.71,overcast clouds
462,Tuni,IN,17.35,82.55,78.75,89,100,2.53,overcast clouds
463,Yelizovo,RU,53.1873,158.3805,31.96,77,7,10.94,clear sky
464,Umea,SE,63.8284,20.2597,39.9,70,0,14.97,clear sky
465,Acarau,BR,-2.8856,-40.12,89.24,55,100,22.06,overcast clouds
466,Bereda,ES,43.2686,-7.5406,61.41,100,100,1.57,light rain
467,Port-Cartier,CA,50.0334,-66.8654,50.22,87,100,17.92,overcast clouds
468,Sainte-Anne-Des-Monts,CA,49.124,-66.4924,54.34,85,100,9.64,overcast clouds
469,Vila Velha,BR,-20.3297,-40.2925,84.15,74,20,17.27,few clouds
470,Hami,CN,42.8,93.45,54.82,20,1,8.72,clear sky
471,Bunbury,AU,-33.3333,115.6333,58.82,73,70,6.38,broken clouds
472,Boissevain,CA,49.2306,-100.0559,55.9,39,3,11.16,clear sky
473,Pekin,CN,39.9075,116.3972,31.89,25,0,1.43,light snow
474,Cravinhos,BR,-21.3403,-47.7294,81.32,46,97,6.15,overcast clouds
475,Drabiv,UA,49.963,32.1529,46.42,88,100,4.94,overcast clouds
476,Barahona,DO,18.2085,-71.1008,89.42,66,20,13.8,few clouds
477,Ulaangom,MN,49.9811,92.0667,31.35,71,40,2.62,scattered clouds
478,Vardo,NO,70.3705,31.1107,42.98,91,100,16.6,light rain
479,Moundou,TD,8.5667,16.0833,81.3,70,94,2.73,light rain
480,Farafangana,MG,-22.8167,47.8333,73.94,84,0,12.12,clear sky
481,Praia Da Vitoria,PT,38.7333,-27.0667,71.76,93,100,19.8,overcast clouds
482,Smoky Lake,CA,54.1169,-112.4686,51.49,48,86,6.96,overcast clouds
483,Kholodnyy,RU,62.7167,147.95,-3.57,93,67,5.84,broken clouds
484,Vila Franca Do Campo,PT,37.7167,-25.4333,70.21,93,98,13.76,overcast clouds
485,Tessalit,ML,20.1986,1.0114,96.76,7,1,6.24,clear sky
486,Fairbanks,US,64.8378,-147.7164,27.61,92,90,0.0,mist
487,Komsomolskiy,UZ,40.4272,71.7189,54.82,26,47,2.39,scattered clouds
488,San Luis,AR,-33.295,-66.3356,70.02,17,0,8.84,clear sky
489,Waingapu,ID,-9.6567,120.2641,80.76,84,32,1.48,scattered clouds
490,Adrar,MR,20.5022,-10.0711,97.5,10,71,7.96,broken clouds
491,Vester Hassing,DK,57.0677,10.1256,48.81,77,75,1.99,broken clouds
492,Kot Isa Khan,IN,30.95,75.1333,79.3,21,0,5.97,clear sky
493,Kamyaran,IR,34.7956,46.9355,71.55,29,92,3.96,overcast clouds
494,Dalbandin,PK,28.8947,64.4101,68.43,11,0,1.05,clear sky
495,Henties Bay,NA,-22.116,14.2845,58.86,78,0,16.71,clear sky
496,Roros,NO,62.5747,11.3842,31.84,80,75,12.66,light snow
497,Schopfheim,DE,47.6511,7.8209,53.85,81,11,0.81,few clouds
498,Gorontalo,ID,0.5412,123.0595,75.94,94,41,2.8,scattered clouds
499,Tlaxco,MX,19.6167,-98.1167,66.09,54,100,12.28,overcast clouds
500,Kanigoro,ID,-8.13,112.219,74.46,92,64,3.13,broken clouds
501,Sinnamary,GF,5.3833,-52.95,87.57,61,48,11.45,scattered clouds
502,Atwater,US,37.3477,-120.6091,75.76,42,1,0.0,haze
503,Filadelfia,US,39.9523,-75.1638,82.18,65,75,8.99,broken clouds
504,Mildura,AU,-34.2,142.15,46.36,81,36,4.61,scattered clouds
505,Angoche,MZ,-16.2325,39.9086,78.46,77,0,18.97,clear sky
506,Bontang,ID,0.1333,117.5,81.27,84,93,3.69,overcast clouds
507,Mgandu,TZ,-5.95,34.1333,76.57,36,62,4.14,broken clouds
508,Bambanglipuro,ID,-7.95,110.2833,62.6,84,34,2.73,scattered clouds
509,Chicama,PE,-7.8447,-79.1469,63.14,65,89,9.73,overcast clouds
510,Lasa,IT,46.6166,10.7002,54.34,83,10,2.04,clear sky
511,Santa Fe,AR,-31.6333,-60.7,71.02,22,86,3.0,overcast clouds
512,Lagoa Santa,BR,-19.6272,-43.8897,85.17,51,75,8.05,broken clouds
513,Tiarei,PF,-17.5333,-149.3333,78.82,72,16,21.65,few clouds
514,Mednogorskiy,RU,43.9178,41.1825,54.7,85,13,4.0,few clouds
515,Maragogi,BR,-9.0122,-35.2225,81.46,74,75,13.27,broken clouds
516,Port Macquarie,AU,-31.4333,152.9167,51.76,70,1,6.11,clear sky
517,Lakselv,NO,70.0513,24.9718,39.02,93,75,20.71,light rain
518,Yurimaguas,PE,-5.9,-76.0833,89.76,90,40,3.44,scattered clouds
519,Lewistown,US,40.5992,-77.5714,68.47,94,75,6.91,light intensity drizzle
520,Kenora,CA,49.8167,-94.4337,48.18,70,3,5.99,clear sky
521,Puerto Colombia,CO,10.9878,-74.9547,84.13,74,95,12.84,overcast clouds
522,Lindi,TZ,-10.0,39.7167,76.14,81,31,7.34,scattered clouds
523,Sistranda,NO,63.7256,8.834,42.91,59,91,24.96,overcast clouds
524,Kiunga,PG,-6.1219,141.2906,73.96,99,100,1.5,overcast clouds
525,Eureka,US,40.8021,-124.1637,56.25,87,66,3.24,broken clouds
526,Milyutinskaya,RU,48.6279,41.6679,54.7,51,89,9.13,overcast clouds
527,Novyy Urengoy,RU,66.0833,76.6333,39.29,94,100,15.01,light rain
528,Mineral Wells,US,32.8085,-98.1128,69.33,30,1,9.22,clear sky
529,Edson,CA,53.5835,-116.4356,41.18,65,78,2.33,broken clouds
530,San Isidro,PE,-12.1167,-77.05,69.26,69,40,3.0,scattered clouds
531,Kulhudhuffushi,MV,6.6221,73.07,81.9,77,100,23.26,overcast clouds
532,Garissa,KE,-0.4536,39.6401,88.41,36,12,21.7,few clouds
533,Dubti,ET,11.7361,41.0853,94.89,18,9,6.6,clear sky
534,Uray,RU,60.1247,64.7758,44.58,72,97,9.46,overcast clouds
535,Cabras,IT,39.93,8.5314,63.07,71,89,4.12,overcast clouds
536,Sulphur,US,30.2366,-93.3774,70.41,40,1,17.27,clear sky
537,Mangai,CD,-4.05,19.5333,78.31,69,79,2.15,light rain
538,Safakulevo,RU,54.9901,62.5442,41.47,70,28,6.35,scattered clouds
539,Cayenne,GF,4.9333,-52.3333,91.44,79,0,3.0,clear sky
540,Along,IN,28.1667,94.7667,74.26,85,50,2.8,scattered clouds
541,Port-Gentil,GA,-0.7193,8.7815,79.65,82,84,14.25,broken clouds
542,Banda Aceh,ID,5.5577,95.3222,80.51,81,100,6.06,overcast clouds
543,Bonavista,CA,48.6499,-53.1147,47.12,96,100,30.36,light rain
544,Anshun,CN,26.25,105.9333,47.86,87,100,12.03,overcast clouds
545,Coihaique,CL,-45.5752,-72.0662,56.01,58,75,8.05,broken clouds
546,Jalu,LY,29.0331,21.5482,75.7,30,2,9.73,clear sky
547,Uyemskiy,RU,64.4743,40.8524,39.25,87,20,8.95,few clouds
548,Bongandanga,CD,1.5,21.05,77.86,73,99,2.62,overcast clouds
549,Baiao,BR,-2.7906,-49.6717,91.17,49,78,3.58,broken clouds
550,Sola,VU,-13.8833,167.55,80.31,76,84,4.43,broken clouds
551,Berlevag,NO,70.8578,29.0864,39.47,98,100,28.36,light rain
552,Ocampo,MX,21.65,-101.5,66.96,61,98,22.35,overcast clouds
553,Atambua,ID,-9.1061,124.8925,76.23,85,25,1.86,scattered clouds
554,Kimbe,PG,-5.5502,150.1429,76.64,91,84,2.64,light rain
555,Rocha,UY,-34.4833,-54.3333,59.22,45,2,10.09,clear sky
556,Port Hardy,CA,50.6996,-127.4199,48.38,100,90,0.0,light rain
557,Bagdarin,RU,54.4333,113.6,16.21,83,59,3.44,broken clouds
558,Meulaboh,ID,4.1363,96.1285,79.41,82,98,3.04,overcast clouds
559,Hibbing,US,47.4272,-92.9377,53.1,58,1,10.36,clear sky
560,Sangar,RU,63.9242,127.4739,11.03,91,99,3.8,overcast clouds
561,Goma,CD,-1.6792,29.2228,65.17,93,76,1.9,moderate rain
562,Vestmannaeyjar,IS,63.4427,-20.2734,41.99,81,75,23.02,broken clouds
563,Bellevue,US,47.6104,-122.2007,62.42,75,90,1.01,overcast clouds
564,Ilhabela,BR,-23.7781,-45.3581,74.82,87,71,9.6,broken clouds
565,Prudentopolis,BR,-25.2131,-50.9778,77.04,59,74,1.92,broken clouds
566,Kungurtug,RU,50.5994,97.5228,22.55,74,2,2.91,clear sky
567,Korla,CN,41.7597,86.1469,51.35,36,8,1.57,clear sky
568,Hovd,MN,48.0056,91.6419,33.15,51,94,0.22,overcast clouds
569,Mancio Lima,BR,-7.6142,-72.8958,94.64,45,98,5.3,overcast clouds
570,Khor,RU,47.8861,134.9464,26.91,66,90,13.8,overcast clouds
571,Kropotkin,RU,45.4375,40.5756,61.38,64,98,4.27,light rain
572,Kavaratti,IN,10.5669,72.642,82.04,78,100,20.24,light rain
573,Longonjo,AO,-12.9067,15.2533,84.69,22,95,9.37,overcast clouds
574,Gornyye Klyuchi,RU,45.25,133.5,27.97,53,8,13.02,clear sky
575,Labuhan,ID,-6.8844,112.2051,81.16,75,56,8.5,broken clouds
576,Asilah,MA,35.465,-6.0348,69.76,63,97,5.99,overcast clouds
577,Pervomayskoye,RU,43.919,46.7102,59.22,85,57,10.69,broken clouds
578,Nioro,GM,13.35,-15.75,92.23,49,36,4.14,scattered clouds
579,Abha,SA,18.2164,42.5053,68.25,11,0,12.66,clear sky
580,Camacha,PT,33.0833,-16.3333,75.52,64,20,9.22,few clouds
581,Iwai,JP,36.05,139.9,73.42,84,69,3.74,broken clouds
582,Udachnyy,RU,66.4167,112.4,8.06,98,99,3.87,overcast clouds
583,Nueve De Julio,AR,-35.4444,-60.8831,69.71,31,0,8.5,clear sky
584,Balykshi,KZ,47.0667,51.8667,60.8,25,0,15.66,clear sky
585,Tono,JP,39.3167,141.5333,52.52,98,100,4.88,overcast clouds
586,Ixtapa,MX,20.7,-105.2,87.22,55,20,2.3,few clouds
587,Lhokseumawe,ID,5.1801,97.1507,78.69,87,88,5.68,overcast clouds
588,Noumea,NC,-22.2763,166.4572,75.99,99,100,1.88,overcast clouds
589,Kralendijk,BQ,12.15,-68.2667,91.38,66,40,11.5,scattered clouds
590,Mahroni,IN,24.5862,78.7288,79.38,57,64,5.03,broken clouds
591,Ibarra,EC,0.35,-78.1167,70.34,58,77,4.65,light rain
592,Fort Saint James,CA,54.4333,-124.25,37.11,98,100,2.66,light rain
593,Mitu,CO,1.1983,-70.1733,78.44,92,89,1.41,overcast clouds
594,Liangxiang,CN,39.7319,116.14,31.91,32,0,4.52,clear sky
595,Sabang,ID,5.8933,95.3214,82.18,78,98,8.61,overcast clouds
596,Qalyub,EG,30.1792,31.2056,86.79,28,92,12.59,overcast clouds
597,Luan,CH,46.3592,6.9759,49.37,84,0,0.85,clear sky
598,Kemijarvi,FI,66.7131,27.4306,35.92,94,100,4.68,overcast clouds
599,Bella Vista,US,36.4295,-94.2316,63.59,45,1,1.99,clear sky
600,Valparai,IN,10.3667,76.9667,60.57,98,100,0.69,heavy intensity rain
601,Moron,AR,-34.6534,-58.6198,69.01,36,0,0.43,clear sky
602,Cabra,ES,37.4725,-4.4421,80.04,35,74,4.88,broken clouds
603,Ovalle,CL,-30.5983,-71.2003,75.54,26,0,6.91,clear sky
604,Cody,US,44.5263,-109.0565,56.59,43,1,3.44,clear sky
605,Ondjiva,AO,-17.0667,15.7333,83.46,11,0,7.14,clear sky
606,Layou,VC,13.2,-61.2667,87.19,70,40,0.0,scattered clouds
607,Qabaqcol,AZ,41.72,46.2647,64.44,76,0,3.22,clear sky
608,Filomeno Mata,MX,20.2,-97.7,79.11,71,85,6.31,overcast clouds
609,Lodwar,KE,3.1191,35.5973,91.49,29,74,8.68,broken clouds
610,Bogotol,RU,56.2078,89.5342,32.32,63,1,5.35,clear sky
611,Umba,RU,66.6871,34.3429,38.79,80,98,11.05,overcast clouds
612,Matay,EG,28.419,30.7792,85.28,17,64,9.13,broken clouds
613,Misilmeri,IT,38.0339,13.4518,65.41,72,88,3.0,overcast clouds
614,Necochea,AR,-38.5473,-58.7368,71.04,44,0,11.54,clear sky
615,Sarangani,PH,5.4033,125.4636,83.64,76,100,9.31,overcast clouds
616,Koslan,RU,63.4564,48.8989,40.78,92,100,10.47,overcast clouds
617,Zaltan,LY,32.947,11.8665,70.2,41,100,7.36,overcast clouds
618,Tsumeb,NA,-19.2333,17.7167,87.66,10,33,8.99,scattered clouds
619,Makakilo City,US,21.3469,-158.0858,73.72,71,1,4.61,clear sky
620,Pundaguitan,PH,6.3711,126.1689,83.34,76,84,6.26,broken clouds
621,Deputatskiy,RU,69.3,139.9,-7.1,100,100,1.7,overcast clouds
622,Izhma,RU,65.0083,53.9113,36.64,96,100,10.04,overcast clouds
623,Zhigansk,RU,66.7697,123.3711,8.71,96,94,5.46,overcast clouds
624,Boyolangu,ID,-8.1181,111.8935,75.67,90,73,3.49,broken clouds
625,Bizhbulyak,RU,53.6967,54.2642,41.49,51,13,3.89,few clouds
626,Murray Bridge,AU,-35.1167,139.2667,50.56,90,80,2.62,broken clouds
627,Urucara,BR,-2.5364,-57.76,103.6,23,76,6.13,broken clouds
628,Montepuez,MZ,-13.1256,38.9997,77.59,59,84,13.27,broken clouds
629,Morant Bay,JM,17.8815,-76.4093,89.62,70,31,4.32,scattered clouds
630,Urumqi,CN,43.801,87.6005,47.35,43,0,4.47,clear sky
631,De-Kastri,RU,51.4667,140.7833,33.42,99,100,20.45,heavy snow
632,Maceio,BR,-9.6658,-35.7353,80.04,89,90,4.61,mist
633,Puerto Carreno,CO,6.189,-67.4859,92.44,52,56,1.54,broken clouds
634,Moose Factory,CA,51.2585,-80.6094,54.63,65,100,2.19,overcast clouds
635,Kaoma,ZM,-14.7833,24.8,86.65,17,93,1.97,overcast clouds
636,Igrim,RU,63.1906,64.4162,44.11,74,95,12.26,overcast clouds
637,San Quintin,MX,30.4833,-115.95,74.95,33,0,3.33,clear sky
638,Madang,PG,-5.2246,145.7966,76.23,92,99,3.04,overcast clouds
639,Am Timan,TD,11.0297,20.2827,81.77,66,10,3.2,clear sky
640,Mayo,US,38.8876,-76.5119,82.38,73,20,8.01,few clouds
641,Barra Patuca,HN,15.8,-84.2833,85.62,68,23,6.22,few clouds
642,Tungor,RU,53.3808,142.9564,33.35,98,100,17.81,snow
643,Nikolsk,RU,53.7189,46.0712,41.9,58,34,7.78,scattered clouds
644,Sharan,RU,54.8167,54.0,40.51,59,12,6.35,few clouds
645,Santa Rosa,PH,14.3122,121.1114,82.09,77,87,5.03,overcast clouds
646,Teseney,ER,15.11,36.6575,89.65,22,20,3.27,few clouds
647,Gondanglegi,ID,-7.7479,112.0132,76.28,85,58,10.65,broken clouds
648,Indramayu,ID,-6.3264,108.32,83.19,73,47,5.41,scattered clouds
649,Chatellerault,FR,46.8,0.5333,65.12,61,1,8.32,clear sky
650,Tilichiki,RU,60.4667,166.1,14.14,72,100,12.88,overcast clouds
651,Kattivakkam,IN,13.2167,80.3167,84.29,82,81,15.59,broken clouds
652,Borogontsy,RU,62.6683,131.1683,13.57,94,89,0.96,overcast clouds
653,Amla,IN,21.9333,78.1167,70.81,90,84,5.99,broken clouds
654,Lewiston,US,44.1003,-70.2148,68.76,97,90,9.22,overcast clouds
655,Mehriz,IR,31.5917,54.4318,66.7,24,0,1.81,clear sky
656,Erzin,TR,36.9559,36.2,73.99,78,1,6.64,clear sky
657,Grants Pass,US,42.439,-123.3284,66.88,63,1,0.0,clear sky
658,Mackay,AU,-21.15,149.2,62.04,65,0,5.41,clear sky
659,Dudinka,RU,69.4058,86.1778,31.53,94,100,22.44,overcast clouds
660,Coos Bay,US,43.3665,-124.2179,57.15,91,1,11.5,clear sky
661,Emirdag,TR,39.0197,31.15,61.68,42,65,3.89,broken clouds
662,Umm Kaddadah,SD,13.6017,26.6876,94.57,14,22,14.32,few clouds
663,Alta Floresta,BR,-9.8756,-56.0861,100.31,28,94,4.07,overcast clouds
664,Juegang,CN,32.3174,121.1855,58.91,58,100,21.07,light rain
665,Vertientes,CU,21.2594,-78.1464,84.81,60,17,2.71,few clouds
666,Kapit,MY,2.0167,112.9333,75.45,99,100,0.72,overcast clouds
667,Baker City,US,44.7749,-117.8344,60.82,38,1,17.27,clear sky
668,Galich,RU,58.3797,42.3475,44.19,92,100,12.75,light rain
669,Honningsvag,NO,70.9821,25.9704,40.86,77,100,27.6,light rain
670,Chany,RU,55.3121,76.7647,40.26,79,0,3.09,clear sky
671,Westport,US,41.1415,-73.3579,76.57,72,1,1.01,clear sky
672,Aconibe,GQ,1.2968,10.9369,68.41,98,100,1.5,moderate rain
